Season,Season type,Referee,Games,Total fouls,Shooting,Personal,Loose ball,Personal take,Offensive charge,Offensive,Kicked ball,Technical,Defensive goaltending,Shooting block,Defensive 3 seconds,Delay of game,Personal block,Flagrant 1,Away from play,Double technical,Clear path,Double personal,Inbound foul,Delay technical,Lane violation,Jump ball violation,Flagrant 2,Hanging technical,Unsportsmanlike technical,Taunting technical,Excess timeout technical,Double lane,Too many players technical
2016-17,Playoffs,Bennie Adams,3,48,18,20,0,1,0,3,0,1,0,2,0,0,1,1,1,0,0,0,0,0,0,0,0,0,0,0,0,0,0
2016-17,Playoffs,Bill Kennedy,8,101,42,40,6,1,2,6,1,0,1,2,0,0,0,0,0,0,0,0,0,0,0,0,0,0,0,0,0,0,0
2016-17,Playoffs,Bill Spooner,5,47,18,15,5,2,0,2,1,0,1,1,2,0,0,0,0,0,0,0,0,0,0,0,0,0,0,0,0,0,0
2016-17,Playoffs,Brent Barnaky,1,13,5,2,0,0,2,2,0,0,1,0,1,0,0,0,0,0,0,0,0,0,0,0,0,0,0,0,0,0,0
2016-17,Playoffs,Brian Forte,4,55,24,19,0,4,0,4,1,0,0,1,0,0,2,0,0,0,0,0,0,0,0,0,0,0,0,0,0,0,0
2016-17,Playoffs,Courtney Kirkland,4,58,33,16,1,1,0,3,0,0,0,0,0,1,2,0,1,0,0,0,0,0,0,0,0,0,0,0,0,0,0
2016-17,Playoffs,Dan Crawford,14,250,83,79,26,9,5,13,3,8,4,5,2,4,7,0,0,2,0,0,0,0,0,0,0,0,0,0,0,0,0
2016-17,Playoffs,David Guthrie,5,68,32,18,3,4,3,3,1,0,1,2,0,0,1,0,0,0,0,0,0,0,0,0,0,0,0,0,0,0,0
2016-17,Playoffs,Derrick Collins,4,70,27,18,3,0,2,4,3,1,2,1,1,1,7,0,0,0,0,0,0,0,0,0,0,0,0,0,0,0,0
2016-17,Playoffs,Derrick Stafford,11,155,70,40,6,5,5,13,2,0,2,6,0,2,2,0,0,0,1,0,1,0,0,0,0,0,0,0,0,0,0
2016-17,Playoffs,Ed Malloy,11,173,77,52,11,0,7,6,2,2,3,9,2,1,1,0,0,0,0,0,0,0,0,0,0,0,0,0,0,0,0
2016-17,Playoffs,Eric Lewis,3,48,23,16,4,0,2,1,0,1,0,1,0,0,0,0,0,0,0,0,0,0,0,0,0,0,0,0,0,0,0
2016-17,Playoffs,James Capers Jr.,11,171,72,61,10,1,4,6,0,1,3,4,0,2,2,1,0,3,0,0,0,0,0,0,0,0,1,0,0,0,0
2016-17,Playoffs,James Williams,5,57,23,19,3,1,2,4,0,0,1,1,1,0,1,0,0,1,0,0,0,0,0,0,0,0,0,0,0,0,0
2016-17,Playoffs,John Goble,10,143,60,48,9,3,2,8,2,2,2,1,1,0,3,0,0,1,0,0,0,0,0,1,0,0,0,0,0,0,0
2016-17,Playoffs,Josh Tiven,3,42,25,9,2,4,0,1,0,0,0,0,0,1,0,0,0,0,0,0,0,0,0,0,0,0,0,0,0,0,0
2016-17,Playoffs,Kane Fitzgerald,6,94,36,32,8,2,4,3,0,1,1,4,1,1,1,0,0,0,0,0,0,0,0,0,0,0,0,0,0,0,0
2016-17,Playoffs,Ken Mauer,10,154,56,52,5,2,4,8,2,7,1,7,1,2,5,0,0,1,0,0,0,0,0,1,0,0,0,0,0,0,0
2016-17,Playoffs,Leon Wood,1,13,6,3,1,1,1,1,0,0,0,0,0,0,0,0,0,0,0,0,0,0,0,0,0,0,0,0,0,0,0
2016-17,Playoffs,Leroy Richardson,2,32,15,8,3,0,2,1,0,0,0,0,0,2,0,1,0,0,0,0,0,0,0,0,0,0,0,0,0,0,0
2016-17,Playoffs,Marc Davis,11,185,76,53,7,3,4,6,5,8,4,4,1,6,2,0,0,2,0,0,2,2,0,0,0,0,0,0,0,0,0
2016-17,Playoffs,Mark Ayotte,1,12,5,4,1,0,0,1,1,0,0,0,0,0,0,0,0,0,0,0,0,0,0,0,0,0,0,0,0,0,0
2016-17,Playoffs,Mark Lindsay,2,26,12,10,1,2,0,0,1,0,0,0,0,0,0,0,0,0,0,0,0,0,0,0,0,0,0,0,0,0,0
2016-17,Playoffs,Matt Boland,1,12,2,4,2,0,0,2,0,0,0,1,0,0,1,0,0,0,0,0,0,0,0,0,0,0,0,0,0,0,0
2016-17,Playoffs,Michael Smith,1,16,9,6,0,0,1,0,0,0,0,0,0,0,0,0,0,0,0,0,0,0,0,0,0,0,0,0,0,0,0
2016-17,Playoffs,Mike Callahan,13,182,84,53,12,1,3,9,1,2,0,3,3,1,3,2,0,1,2,1,1,0,0,0,0,0,0,0,0,0,0
2016-17,Playoffs,Monty McCutchen,13,224,79,70,19,8,2,14,4,8,3,3,0,2,7,0,1,3,0,0,0,0,0,0,1,0,0,0,0,0,0
2016-17,Playoffs,Pat Fraher,6,64,32,22,3,1,0,1,1,0,1,0,1,0,1,0,0,1,0,0,0,0,0,0,0,0,0,0,0,0,0
2016-17,Playoffs,Rodney Mott,5,73,27,18,6,3,4,5,0,1,2,1,1,0,4,0,0,0,0,0,1,0,0,0,0,0,0,0,0,0,0
2016-17,Playoffs,Ron Garretson,7,87,36,27,4,5,2,3,1,0,0,3,1,0,5,0,0,0,0,0,0,0,0,0,0,0,0,0,0,0,0
2016-17,Playoffs,Scott Foster,12,199,85,49,14,3,9,12,1,5,3,2,0,4,4,0,1,4,1,1,0,1,0,0,0,0,0,0,0,0,0
2016-17,Playoffs,Sean Corbin,6,98,45,32,4,0,2,3,1,1,2,5,1,0,2,0,0,0,0,0,0,0,0,0,0,0,0,0,0,0,0
2016-17,Playoffs,Sean Wright,8,95,52,26,6,0,0,1,0,1,1,6,0,0,2,0,0,0,0,0,0,0,0,0,0,0,0,0,0,0,0
2016-17,Playoffs,Tom Washington,5,68,33,26,0,2,0,4,0,0,0,3,0,0,0,0,0,0,0,0,0,0,0,0,0,0,0,0,0,0,0
2016-17,Playoffs,Tony Brothers,11,141,67,42,10,0,2,10,2,2,1,1,0,2,2,0,0,0,0,0,0,0,0,0,0,0,0,0,0,0,0
2016-17,Playoffs,Tony Brown,3,55,22,17,1,3,0,6,0,1,1,0,2,1,0,0,0,1,0,0,0,0,0,0,0,0,0,0,0,0,0
2016-17,Playoffs,Zach Zarba,11,165,73,56,11,4,4,3,0,1,2,5,0,0,6,0,0,0,0,0,0,0,0,0,0,0,0,0,0,0,0
2016-17,Regular Season,Aaron Smith,53,517,262,142,20,27,9,8,6,15,7,5,3,6,1,3,1,0,0,1,0,0,0,0,1,0,0,0,0,0,0
2016-17,Regular Season,Ben Taylor,51,799,327,222,63,23,12,52,11,22,15,17,6,8,11,2,1,0,1,0,2,0,3,0,1,0,0,0,0,0,0
2016-17,Regular Season,Bennie Adams,59,953,367,302,65,29,26,54,7,20,5,29,10,16,8,3,2,2,1,1,2,0,2,0,0,1,0,1,0,0,0
2016-17,Regular Season,Bill Kennedy,65,860,391,239,43,16,24,52,10,10,16,11,16,11,8,4,1,2,1,1,1,0,2,0,0,0,1,0,0,0,0
2016-17,Regular Season,Bill Spooner,58,664,285,164,44,18,25,43,11,11,6,15,7,12,7,3,1,1,0,1,2,1,2,1,1,1,1,1,0,0,0
2016-17,Regular Season,Brent Barnaky,68,948,406,254,65,21,36,61,12,13,13,20,9,11,15,4,1,1,1,1,2,0,1,0,0,1,0,0,0,0,0
2016-17,Regular Season,Brett Nansel,40,558,321,135,25,9,16,13,10,3,3,9,1,3,9,0,0,0,0,0,1,0,0,0,0,0,0,0,0,0,0
2016-17,Regular Season,Brian Forte,65,840,385,258,29,15,22,30,12,12,7,23,21,9,10,2,1,1,1,0,0,1,1,0,0,0,0,0,0,0,0
2016-17,Regular Season,C.J. Washington,44,612,284,164,46,13,12,30,10,12,3,13,6,1,9,2,0,0,1,1,3,0,1,0,1,0,0,0,0,0,0
2016-17,Regular Season,Courtney Kirkland,62,929,405,236,83,16,31,65,30,11,11,9,6,10,9,1,1,0,2,0,0,1,0,1,0,1,0,0,0,0,0
2016-17,Regular Season,Curtis Blair,50,681,324,211,30,12,17,19,10,7,4,15,8,4,17,1,0,0,0,0,0,0,1,0,0,1,0,0,0,0,0
2016-17,Regular Season,Dan Crawford,60,947,387,273,71,18,31,63,16,10,12,16,7,10,13,2,1,6,1,3,2,0,2,0,0,1,0,0,2,0,0
2016-17,Regular Season,David Guthrie,44,715,297,226,50,8,18,31,8,12,7,25,3,6,14,3,1,0,1,2,2,0,1,0,0,0,0,0,0,0,0
2016-17,Regular Season,Dedric Taylor,55,754,363,197,46,22,15,29,16,7,10,14,6,8,14,1,1,0,0,0,3,1,0,0,0,1,0,0,0,0,0
2016-17,Regular Season,Derek Richardson,47,622,294,149,22,22,14,38,7,2,9,20,14,11,11,1,1,1,1,2,0,1,2,0,0,0,0,0,0,0,0
2016-17,Regular Season,Derrick Collins,64,874,400,232,38,27,18,51,20,5,6,35,9,8,21,0,0,0,1,1,0,0,1,0,0,1,0,0,0,0,0
2016-17,Regular Season,Derrick Stafford,63,842,385,238,54,21,21,51,13,6,10,12,3,8,14,0,0,1,1,0,0,0,1,1,0,0,1,0,0,0,1
2016-17,Regular Season,Ed Malloy,58,728,294,199,37,29,29,45,9,21,13,20,4,10,6,3,0,2,0,0,0,1,1,0,1,1,1,0,2,0,0
2016-17,Regular Season,Eric Dalen,58,691,352,175,36,19,17,27,13,7,9,9,4,5,8,1,2,1,1,0,3,0,1,1,0,0,0,0,0,0,0
2016-17,Regular Season,Eric Lewis,67,976,392,333,54,14,30,34,29,9,7,26,14,5,15,3,2,1,1,2,3,0,2,0,0,0,0,0,0,0,0
2016-17,Regular Season,Gary Zielinski,59,872,349,283,47,19,15,55,25,7,9,17,21,4,12,0,0,3,1,2,0,0,3,0,0,0,0,0,0,0,0
2016-17,Regular Season,Gediminas Petraitis,51,599,303,145,30,24,19,20,9,4,3,20,2,3,10,2,1,1,1,0,0,1,0,1,0,0,0,0,0,0,0
2016-17,Regular Season,Haywoode Workman,52,746,311,219,46,15,22,36,14,6,9,22,7,12,17,3,1,2,1,0,1,0,2,0,0,0,0,0,0,0,0
2016-17,Regular Season,J.T. Orr,54,775,375,215,42,20,20,32,9,14,5,7,8,8,9,2,3,0,1,0,0,0,4,0,0,0,0,0,0,1,0
2016-17,Regular Season,Jacyn Goble,34,432,218,128,9,12,13,16,4,10,2,9,0,3,4,0,2,0,2,0,0,0,0,0,0,0,0,0,0,0,0
2016-17,Regular Season,James Capers Jr.,62,1085,425,353,95,12,32,51,20,24,8,15,14,10,12,1,1,8,1,0,0,0,1,0,1,1,0,0,0,0,0
2016-17,Regular Season,James Williams,69,1007,408,313,69,24,19,45,19,26,4,16,20,17,11,2,3,4,1,0,2,1,1,1,1,0,0,0,0,0,0
2016-17,Regular Season,Jason Goldenberg,4,51,29,10,4,2,2,1,0,0,1,0,0,1,1,0,0,0,0,0,0,0,0,0,0,0,0,0,0,0,0
2016-17,Regular Season,Jason Phillips,33,443,190,125,27,11,13,14,15,9,5,9,4,5,6,1,0,6,1,0,0,0,1,1,0,0,0,0,0,0,0
2016-17,Regular Season,John Goble,70,1102,450,360,59,19,15,79,13,21,17,17,7,17,12,2,1,3,2,1,0,4,1,1,0,1,0,0,0,0,0
2016-17,Regular Season,Josh Tiven,69,1035,476,285,51,31,17,56,14,14,14,34,12,8,14,0,0,1,0,0,0,0,5,1,0,0,0,1,0,1,0
2016-17,Regular Season,Justin Van Duyne,58,932,415,246,49,26,26,60,13,13,13,21,21,12,6,0,1,1,1,1,0,3,2,0,1,1,0,0,0,0,0
2016-17,Regular Season,Kane Fitzgerald,69,1041,390,327,62,19,22,67,16,31,6,32,14,15,20,1,2,1,3,1,3,2,3,0,2,0,0,0,0,2,0
2016-17,Regular Season,Karl Lane,67,985,442,306,49,27,29,44,15,5,9,21,11,4,17,1,0,0,1,1,2,0,0,1,0,0,0,0,0,0,0
2016-17,Regular Season,Ken Mauer,63,938,440,256,45,18,21,33,11,23,7,38,5,8,18,2,0,7,2,1,1,1,0,0,0,0,0,1,0,0,0
2016-17,Regular Season,Kevin Cutler,57,774,352,233,46,27,21,32,12,7,5,17,6,1,10,0,0,2,0,0,1,1,1,0,0,0,0,0,0,0,0
2016-17,Regular Season,Kevin Scott,64,809,372,225,68,14,20,36,9,8,6,17,2,11,17,1,0,1,1,0,0,0,1,0,0,0,0,0,0,0,0
2016-17,Regular Season,Lauren Holtkamp-Sterling,44,577,296,154,15,16,14,25,9,5,4,16,2,5,10,1,0,0,2,1,0,1,1,0,0,0,0,0,0,0,0
2016-17,Regular Season,Leon Wood,51,668,272,207,48,16,23,39,15,7,6,9,7,4,12,0,1,1,0,0,1,0,0,0,0,0,0,0,0,0,0
2016-17,Regular Season,Leroy Richardson,57,798,396,201,32,22,19,31,26,11,11,15,12,8,9,1,0,1,0,1,0,1,1,0,0,0,0,0,0,0,0
2016-17,Regular Season,Marat Kogut,61,921,398,276,60,21,31,45,9,18,7,20,8,13,12,0,0,0,0,0,1,0,1,0,1,0,0,0,0,0,0
2016-17,Regular Season,Marc Davis,65,846,377,220,41,31,16,26,17,24,14,18,11,23,9,1,0,4,2,0,3,2,2,0,2,0,0,3,0,0,0
2016-17,Regular Season,Mark Ayotte,55,782,376,245,56,17,14,25,5,7,4,8,6,4,11,0,0,0,2,0,2,0,0,0,0,0,0,0,0,0,0
2016-17,Regular Season,Mark Lindsay,64,823,426,248,36,17,22,26,11,1,3,6,12,5,4,2,0,1,3,0,0,0,0,0,0,0,0,0,0,0,0
2016-17,Regular Season,Matt Boland,64,843,305,306,65,23,26,36,9,6,7,22,11,4,17,1,1,2,0,0,2,0,0,0,0,0,0,0,0,0,0
2016-17,Regular Season,Michael Smith,59,834,408,238,29,22,33,32,10,7,6,14,9,7,10,1,0,2,0,0,1,2,1,1,0,0,1,0,0,0,0
2016-17,Regular Season,Mike Callahan,61,744,338,237,35,14,12,33,15,12,2,12,9,7,6,5,1,2,0,0,1,0,0,0,2,1,0,0,0,0,0
2016-17,Regular Season,Mitchell Ervin,45,750,371,227,37,21,19,20,3,6,7,11,5,7,10,1,0,1,1,0,2,0,0,1,0,0,0,0,0,0,0
2016-17,Regular Season,Monty McCutchen,64,1009,370,336,67,15,18,52,18,24,13,26,27,16,12,2,1,5,0,2,2,1,0,0,1,1,0,0,0,0,0
2016-17,Regular Season,Nick Buchert,53,789,321,233,54,20,20,58,15,10,8,15,7,8,13,0,2,1,0,0,3,0,1,0,0,0,0,0,0,0,0
2016-17,Regular Season,Pat Fraher,65,819,412,184,49,27,20,43,7,10,3,21,15,6,11,3,0,3,0,0,0,0,3,1,0,0,0,1,0,0,0
2016-17,Regular Season,Phenizee Ransom,4,31,16,5,2,0,1,2,1,0,0,1,0,1,1,0,1,0,0,0,0,0,0,0,0,0,0,0,0,0,0
2016-17,Regular Season,Rodney Mott,65,889,320,246,74,29,25,87,13,16,13,20,13,5,16,1,0,3,2,1,0,1,3,0,1,0,0,0,0,0,0
2016-17,Regular Season,Ron Garretson,56,758,335,243,41,22,20,16,19,7,12,16,12,0,10,3,1,0,0,0,0,0,0,0,0,0,0,0,0,1,0
2016-17,Regular Season,Scott Foster,69,1161,504,299,98,16,33,82,11,19,15,35,9,6,17,5,0,2,0,1,0,2,4,1,1,0,0,0,0,0,1
2016-17,Regular Season,Scott Twardoski,49,651,316,154,44,17,14,24,18,8,1,23,5,3,21,1,0,0,0,1,0,0,1,0,0,0,0,0,0,0,0
2016-17,Regular Season,Scott Wall,43,677,326,173,59,15,14,35,13,11,5,12,1,1,9,2,1,0,0,0,0,0,0,0,0,0,0,0,0,0,0
2016-17,Regular Season,Sean Corbin,61,982,410,316,33,21,14,51,9,11,12,40,22,9,22,3,0,1,2,1,3,0,0,0,0,1,1,0,0,0,0
2016-17,Regular Season,Sean Wright,61,975,414,321,82,22,24,26,12,8,8,17,3,9,20,1,0,2,4,0,0,1,1,0,0,0,0,0,0,0,0
2016-17,Regular Season,Steve Anderson,46,632,300,170,34,15,22,27,6,12,10,15,5,3,12,1,0,0,0,0,0,0,0,0,0,0,0,0,0,0,0
2016-17,Regular Season,Tom Washington,60,805,353,254,30,16,19,49,18,1,9,11,6,9,22,2,0,3,0,0,0,2,0,0,0,0,0,0,0,0,1
2016-17,Regular Season,Tony Brothers,61,934,403,237,42,17,32,70,17,18,14,34,11,10,12,6,1,3,1,0,5,0,0,0,0,0,0,1,0,0,0
2016-17,Regular Season,Tony Brown,59,890,358,281,64,17,17,65,10,7,7,24,6,11,13,0,2,2,2,0,4,0,0,0,0,0,0,0,0,0,0
2016-17,Regular Season,Tre Maddox,58,839,377,245,44,28,30,41,12,13,1,15,4,15,8,2,1,1,0,0,1,0,1,0,0,0,0,0,0,0,0
2016-17,Regular Season,Tyler Ford,58,889,429,247,50,19,20,40,17,12,7,20,4,8,10,1,0,0,3,0,0,0,1,0,1,0,0,0,0,0,0
2016-17,Regular Season,Vladimir Voyard-Tadal,4,57,29,12,7,0,1,3,0,0,2,2,0,1,0,0,0,0,0,0,0,0,0,0,0,0,0,0,0,0,0
2016-17,Regular Season,Zach Zarba,61,829,330,256,57,27,26,36,10,9,7,24,8,6,23,1,0,5,1,0,2,1,0,0,0,0,0,0,0,0,0
2017-18,Playoffs,Bennie Adams,3,43,20,17,2,0,1,0,0,0,0,0,0,0,3,0,0,0,0,0,0,0,0,0,0,0,0,0,0,0,0
2017-18,Playoffs,Bill Kennedy,7,101,42,37,6,0,5,0,2,1,2,2,1,1,0,0,1,1,0,0,0,0,0,0,0,0,0,0,0,0,0
2017-18,Playoffs,Bill Spooner,4,49,30,13,3,0,2,0,0,0,0,0,0,0,0,0,0,0,0,0,1,0,0,0,0,0,0,0,0,0,0
2017-18,Playoffs,Brent Barnaky,2,30,17,12,0,0,0,0,0,0,0,0,0,0,1,0,0,0,0,0,0,0,0,0,0,0,0,0,0,0,0
2017-18,Playoffs,Brian Forte,4,50,21,26,0,0,0,0,0,1,0,0,1,0,1,0,0,0,0,0,0,0,0,0,0,0,0,0,0,0,0
2017-18,Playoffs,Courtney Kirkland,4,42,14,18,0,0,5,0,2,0,0,0,1,0,2,0,0,0,0,0,0,0,0,0,0,0,0,0,0,0,0
2017-18,Playoffs,David Guthrie,8,90,41,28,4,1,3,0,1,1,3,1,0,0,5,0,1,0,0,0,1,0,0,0,0,0,0,0,0,0,0
2017-18,Playoffs,Derrick Collins,2,22,11,8,0,1,0,0,0,0,1,0,0,0,0,0,0,0,0,0,1,0,0,0,0,0,0,0,0,0,0
2017-18,Playoffs,Derrick Stafford,14,208,90,73,14,4,13,1,6,0,1,2,0,3,0,0,1,0,0,0,0,0,0,0,0,0,0,0,0,0,0
2017-18,Playoffs,Ed Malloy,12,159,67,61,12,5,5,0,0,3,0,0,0,0,1,2,0,2,0,1,0,0,0,0,0,0,0,0,0,0,0
2017-18,Playoffs,Eric Lewis,9,132,50,53,10,2,3,0,4,3,1,1,0,0,3,0,1,0,1,0,0,0,0,0,0,0,0,0,0,0,0
2017-18,Playoffs,Gary Zielinski,2,29,17,9,2,0,0,0,0,0,1,0,0,0,0,0,0,0,0,0,0,0,0,0,0,0,0,0,0,0,0
2017-18,Playoffs,James Capers Jr.,13,198,74,75,20,1,5,1,6,3,2,1,1,2,3,0,2,2,0,0,0,0,0,0,0,0,0,0,0,0,0
2017-18,Playoffs,James Williams,6,79,35,25,4,4,0,0,2,2,2,1,1,0,1,1,1,0,0,0,0,0,0,0,0,0,0,0,0,0,0
2017-18,Playoffs,Jason Phillips,10,131,59,51,4,2,1,3,4,0,0,0,2,2,1,0,0,0,0,2,0,0,0,0,0,0,0,0,0,0,0
2017-18,Playoffs,John Goble,11,133,51,45,7,4,4,0,5,1,1,8,0,1,4,0,1,1,0,0,0,0,0,0,0,0,0,0,0,0,0
2017-18,Playoffs,Josh Tiven,8,128,59,40,11,6,1,1,1,3,1,2,0,0,1,1,1,0,0,0,0,0,0,0,0,0,0,0,0,0,0
2017-18,Playoffs,Kane Fitzgerald,7,117,47,47,7,1,2,1,2,2,1,0,0,2,1,1,1,2,0,0,0,0,0,0,0,0,0,0,0,0,0
2017-18,Playoffs,Karl Lane,1,13,3,4,4,0,0,0,1,0,0,0,0,0,0,0,1,0,0,0,0,0,0,0,0,0,0,0,0,0,0
2017-18,Playoffs,Ken Mauer,12,175,74,58,11,6,5,0,2,5,4,2,1,2,0,1,0,4,0,0,0,0,0,0,0,0,0,0,0,0,0
2017-18,Playoffs,Kevin Cutler,1,13,9,3,0,1,0,0,0,0,0,0,0,0,0,0,0,0,0,0,0,0,0,0,0,0,0,0,0,0,0
2017-18,Playoffs,Kevin Scott,1,21,8,9,1,0,2,1,0,0,0,0,0,0,0,0,0,0,0,0,0,0,0,0,0,0,0,0,0,0,0
2017-18,Playoffs,Marc Davis,13,177,64,82,7,1,2,2,2,5,3,1,2,1,3,0,0,1,0,0,0,0,0,0,1,0,0,0,0,0,0
2017-18,Playoffs,Mark Ayotte,4,47,27,17,1,0,2,0,0,0,0,0,0,0,0,0,0,0,0,0,0,0,0,0,0,0,0,0,0,0,0
2017-18,Playoffs,Mark Lindsay,2,18,6,9,0,0,0,0,2,0,0,1,0,0,0,0,0,0,0,0,0,0,0,0,0,0,0,0,0,0,0
2017-18,Playoffs,Mike Callahan,15,210,86,92,13,6,3,2,0,0,0,1,0,0,1,2,0,4,0,0,0,0,0,0,0,0,0,0,0,0,0
2017-18,Playoffs,Pat Fraher,7,72,34,21,5,2,2,0,0,1,0,3,0,1,2,1,0,0,0,0,0,0,0,0,0,0,0,0,0,0,0
2017-18,Playoffs,Rodney Mott,2,18,11,5,1,0,1,0,0,0,0,0,0,0,0,0,0,0,0,0,0,0,0,0,0,0,0,0,0,0,0
2017-18,Playoffs,Ron Garretson,4,47,17,22,5,0,0,0,0,0,0,0,1,0,0,0,2,0,0,0,0,0,0,0,0,0,0,0,0,0,0
2017-18,Playoffs,Scott Foster,13,222,70,92,14,4,10,2,7,3,2,4,1,2,8,0,1,2,0,0,0,0,0,0,0,0,0,0,0,0,0
2017-18,Playoffs,Sean Corbin,5,67,27,30,1,0,0,0,2,2,1,2,0,0,1,0,0,1,0,0,0,0,0,0,0,0,0,0,0,0,0
2017-18,Playoffs,Sean Wright,7,81,42,24,6,0,2,0,2,0,1,0,0,1,2,1,0,0,0,0,0,0,0,0,0,0,0,0,0,0,0
2017-18,Playoffs,Tom Washington,8,121,53,53,4,0,0,2,4,1,1,1,0,0,2,0,0,0,0,0,0,0,0,0,0,0,0,0,0,0,0
2017-18,Playoffs,Tony Brothers,9,134,50,56,9,4,1,0,2,3,1,3,0,2,1,1,0,0,0,0,0,0,0,0,1,0,0,0,0,0,0
2017-18,Playoffs,Tony Brown,4,68,37,21,4,0,2,0,3,0,0,0,0,0,0,0,0,1,0,0,0,0,0,0,0,0,0,0,0,0,0
2017-18,Playoffs,Zach Zarba,13,198,86,73,7,8,3,0,6,2,5,1,1,1,2,0,0,1,1,0,1,0,0,0,0,0,0,0,0,0,0
2017-18,Regular Season,Aaron Smith,56,663,306,222,51,12,19,5,12,13,2,5,2,5,6,0,0,2,1,0,0,0,0,0,0,0,0,0,0,0,0
2017-18,Regular Season,Ben Taylor,62,918,413,306,68,19,18,19,16,8,12,7,7,4,15,0,0,1,1,1,1,1,1,0,0,0,0,0,0,0,0
2017-18,Regular Season,Bennie Adams,60,935,387,316,53,19,30,32,21,22,4,7,10,3,18,4,4,0,2,1,1,1,0,0,0,0,0,0,0,0,0
2017-18,Regular Season,Bill Kennedy,61,765,313,255,47,17,23,26,16,16,14,7,10,4,9,3,1,1,1,2,0,0,0,0,0,0,0,0,0,0,0
2017-18,Regular Season,Bill Spooner,44,536,246,156,34,13,29,11,5,6,9,11,1,2,8,1,0,0,2,1,1,0,0,0,0,0,0,0,0,0,0
2017-18,Regular Season,Brandon Adair,6,52,27,16,2,2,1,1,2,0,1,0,0,0,0,0,0,0,0,0,0,0,0,0,0,0,0,0,0,0,0
2017-18,Regular Season,Brent Barnaky,62,794,368,256,40,18,27,13,16,11,4,6,9,8,11,3,0,0,0,2,0,0,1,0,1,0,0,0,0,0,0
2017-18,Regular Season,Brett Nansel,43,599,335,175,15,22,5,8,9,3,2,1,3,4,13,1,1,1,0,0,0,0,0,0,0,0,0,1,0,0,0
2017-18,Regular Season,Brian Forte,62,847,363,279,46,18,21,13,17,30,6,22,7,9,13,2,1,0,0,0,0,0,0,0,0,0,0,0,0,0,0
2017-18,Regular Season,C.J. Washington,41,574,271,184,32,15,16,10,6,12,4,9,7,1,5,1,0,1,0,0,0,0,0,0,0,0,0,0,0,0,0
2017-18,Regular Season,Courtney Kirkland,60,853,336,302,68,22,34,32,18,9,9,2,4,4,5,1,1,1,1,2,0,0,0,1,0,1,0,0,0,0,0
2017-18,Regular Season,Curtis Blair,58,739,342,260,26,21,27,10,12,5,5,8,7,3,8,1,3,0,1,0,0,0,0,0,0,0,0,0,0,0,0
2017-18,Regular Season,David Guthrie,62,957,378,341,49,21,34,12,18,35,10,14,12,8,15,3,2,1,0,2,0,0,0,1,0,0,0,1,0,0,0
2017-18,Regular Season,Dedric Taylor,61,792,381,245,39,26,35,16,16,7,5,5,4,5,4,2,1,0,0,0,1,0,0,0,0,0,0,0,0,0,0
2017-18,Regular Season,Derek Richardson,55,725,308,238,33,29,29,10,10,3,10,19,16,4,9,0,0,1,0,3,1,0,0,2,0,0,0,0,0,0,0
2017-18,Regular Season,Derrick Collins,61,750,323,227,43,17,24,16,27,4,8,18,12,5,14,0,1,4,3,0,1,2,0,1,0,0,0,0,0,0,0
2017-18,Regular Season,Derrick Stafford,57,757,355,225,47,14,30,20,11,13,13,5,5,4,9,0,3,0,0,0,1,0,1,0,0,0,1,0,0,0,0
2017-18,Regular Season,Ed Malloy,60,752,340,235,32,26,22,17,23,15,10,12,0,6,8,0,0,4,0,0,0,0,0,0,0,0,1,1,0,0,0
2017-18,Regular Season,Eric Dalen,26,278,143,76,10,5,11,6,5,4,3,6,2,2,4,0,1,0,0,0,0,0,0,0,0,0,0,0,0,0,0
2017-18,Regular Season,Eric Lewis,58,906,363,339,45,21,29,9,13,24,9,7,15,7,13,2,2,0,0,4,3,1,0,0,0,0,0,0,0,0,0
2017-18,Regular Season,Gary Zielinski,60,797,342,290,37,18,24,8,26,5,7,3,17,9,4,2,1,0,0,3,1,0,0,0,0,0,0,0,0,0,0
2017-18,Regular Season,Gediminas Petraitis,59,721,341,241,52,6,15,5,12,12,3,10,2,2,16,0,0,0,2,0,1,0,0,1,0,0,0,0,0,0,0
2017-18,Regular Season,Haywoode Workman,56,734,332,238,35,15,26,21,14,6,4,9,11,6,10,2,2,2,0,0,0,0,0,1,0,0,0,0,0,0,0
2017-18,Regular Season,J.B. DeRosa,37,425,195,124,23,13,11,11,14,7,4,8,0,7,7,0,0,1,0,0,0,0,0,0,0,0,0,0,0,0,0
2017-18,Regular Season,J.T. Orr,60,854,361,278,58,30,22,15,28,10,6,9,9,5,14,1,1,1,1,4,0,0,1,0,0,0,0,0,0,0,0
2017-18,Regular Season,Jacyn Goble,50,593,287,183,28,10,14,14,9,21,7,6,0,2,7,2,0,1,1,0,1,0,0,0,0,0,0,0,0,0,0
2017-18,Regular Season,James Capers Jr.,59,935,351,359,81,15,36,12,17,20,8,3,7,4,6,1,0,4,2,6,1,0,0,1,0,0,0,1,0,0,0
2017-18,Regular Season,James Williams,61,868,366,281,53,24,30,15,15,19,16,11,14,9,5,4,4,0,0,0,1,1,0,0,0,0,0,0,0,0,0
2017-18,Regular Season,Jason Goldenberg,39,596,268,199,33,13,20,12,10,7,7,8,5,3,5,1,0,0,1,0,2,1,0,1,0,0,0,0,0,0,0
2017-18,Regular Season,Jason Phillips,32,429,207,147,22,6,10,6,7,6,11,4,0,0,3,0,0,0,0,0,0,0,0,0,0,0,0,0,0,0,0
2017-18,Regular Season,John Goble,61,879,367,307,54,16,24,27,11,25,7,9,5,6,7,2,5,3,0,1,2,0,0,0,0,0,1,0,0,0,0
2017-18,Regular Season,Jonathan Sterling,41,484,224,131,31,12,19,18,9,7,4,5,5,3,11,1,2,1,0,0,1,0,0,0,0,0,0,0,0,0,0
2017-18,Regular Season,Josh Tiven,60,822,399,263,39,15,17,15,15,15,9,13,6,3,9,1,3,0,0,0,0,0,0,0,0,0,0,0,0,0,0
2017-18,Regular Season,Justin Van Duyne,40,591,274,190,36,20,14,8,7,6,3,10,14,3,5,0,0,0,0,0,0,1,0,0,0,0,0,0,0,0,0
2017-18,Regular Season,Kane Fitzgerald,60,900,372,315,52,11,26,29,12,21,7,11,10,11,12,3,2,2,0,0,1,1,1,0,0,0,0,0,0,0,1
2017-18,Regular Season,Karl Lane,63,900,397,335,33,18,28,26,12,8,5,8,9,5,8,0,3,0,1,0,2,1,1,0,0,0,0,0,0,0,0
2017-18,Regular Season,Ken Mauer,60,859,404,278,43,25,26,11,12,12,10,10,0,2,16,4,0,2,1,0,1,0,0,1,1,0,0,0,0,0,0
2017-18,Regular Season,Kevin Cutler,62,759,350,269,36,17,19,9,15,6,3,13,2,4,9,1,4,0,1,0,0,0,1,0,0,0,0,0,0,0,0
2017-18,Regular Season,Kevin Scott,60,766,315,283,54,19,17,13,17,10,8,6,1,5,10,0,2,2,1,0,1,1,0,1,0,0,0,0,0,0,0
2017-18,Regular Season,Lauren Holtkamp-Sterling,55,731,348,255,23,17,23,21,10,7,7,6,3,1,4,1,4,0,1,0,0,0,0,0,0,0,0,0,0,0,0
2017-18,Regular Season,Leon Wood,58,710,274,276,54,18,23,11,22,2,10,1,3,6,5,0,4,0,0,0,0,0,0,0,0,0,0,1,0,0,0
2017-18,Regular Season,Leroy Richardson,58,795,383,251,26,20,18,21,19,10,13,10,4,4,11,2,0,1,1,0,0,0,0,0,0,0,0,1,0,0,0
2017-18,Regular Season,Marat Kogut,61,850,394,269,39,20,31,25,15,10,11,7,5,5,10,2,4,1,1,0,1,0,0,0,0,0,0,0,0,0,0
2017-18,Regular Season,Marc Davis,60,857,392,289,36,13,18,12,19,28,10,7,9,9,5,2,0,4,0,2,1,1,0,0,0,0,0,0,0,0,0
2017-18,Regular Season,Mark Ayotte,60,760,335,289,25,26,14,9,15,8,7,9,2,1,14,5,0,0,1,0,0,0,0,0,0,0,0,0,0,0,0
2017-18,Regular Season,Mark Lindsay,61,722,311,267,28,17,19,10,22,6,8,5,15,3,4,1,2,2,1,0,1,0,0,0,0,0,0,0,0,0,0
2017-18,Regular Season,Matt Boland,61,825,295,317,67,25,35,6,15,14,9,10,3,6,18,1,1,0,0,0,2,1,0,0,0,0,0,0,0,0,0
2017-18,Regular Season,Matt Myers,3,28,19,5,1,0,1,0,1,0,1,0,0,0,0,0,0,0,0,0,0,0,0,0,0,0,0,0,0,0,0
2017-18,Regular Season,Michael Smith,60,935,396,338,34,16,36,26,14,19,4,7,15,7,11,2,4,2,1,0,3,0,0,0,0,0,0,0,0,0,0
2017-18,Regular Season,Mike Callahan,58,739,344,246,32,26,15,9,18,5,8,3,10,5,4,6,2,4,0,0,0,2,0,0,0,0,0,0,0,0,0
2017-18,Regular Season,Mitchell Ervin,47,696,338,211,42,24,15,16,9,8,3,9,6,2,7,3,1,0,0,0,1,0,0,0,1,0,0,0,0,0,0
2017-18,Regular Season,Monty McCutchen,19,272,95,115,16,5,12,3,3,5,2,2,7,4,1,0,1,1,0,0,0,0,0,0,0,0,0,0,0,0,0
2017-18,Regular Season,Nick Buchert,62,987,445,315,53,26,26,26,22,15,12,6,9,7,9,1,4,4,0,0,3,1,0,2,1,0,0,0,0,0,0
2017-18,Regular Season,Pat Fraher,61,692,351,215,30,13,12,18,11,12,3,5,8,6,3,1,0,2,0,2,0,0,0,0,0,0,0,0,0,0,0
2017-18,Regular Season,Phenizee Ransom,7,68,27,25,6,5,3,1,0,1,0,0,0,0,0,0,0,0,0,0,0,0,0,0,0,0,0,0,0,0,0
2017-18,Regular Season,Randy Richardson,6,68,37,16,6,1,1,1,0,0,1,1,2,0,2,0,0,0,0,0,0,0,0,0,0,0,0,0,0,0,0
2017-18,Regular Season,Ray Acosta,34,418,209,131,18,10,10,11,4,9,6,4,1,1,2,0,0,0,2,0,0,0,0,0,0,0,0,0,0,0,0
2017-18,Regular Season,Rodney Mott,57,766,308,273,63,16,21,20,15,12,14,5,6,1,3,1,1,3,0,1,1,0,0,0,2,0,0,0,0,0,0
2017-18,Regular Season,Ron Garretson,59,724,313,252,40,25,28,6,15,9,9,7,8,3,5,1,0,1,1,0,0,0,1,0,0,0,0,0,0,0,0
2017-18,Regular Season,Scott Foster,61,961,407,312,70,19,25,32,23,13,13,14,7,4,12,3,2,0,2,0,0,0,0,2,0,1,0,0,0,0,0
2017-18,Regular Season,Scott Twardoski,60,780,382,244,40,18,26,9,9,9,7,9,12,3,8,3,0,0,0,0,0,0,1,0,0,0,0,0,0,0,0
2017-18,Regular Season,Scott Wall,61,817,394,233,42,26,26,17,13,7,11,21,2,3,13,3,2,1,1,2,0,0,0,0,0,0,0,0,0,0,0
2017-18,Regular Season,Sean Corbin,50,786,302,306,40,21,18,18,10,13,5,12,14,6,8,1,2,2,3,2,3,0,0,0,0,0,0,0,0,0,0
2017-18,Regular Season,Sean Wright,58,948,400,329,72,20,31,17,13,9,10,10,2,6,15,1,5,2,3,0,2,0,1,0,0,0,0,0,0,0,0
2017-18,Regular Season,Tom Washington,59,828,374,282,33,21,26,25,20,9,5,12,3,4,10,0,0,0,0,0,1,1,0,0,2,0,0,0,0,0,0
2017-18,Regular Season,Tony Brothers,59,881,385,289,35,17,25,13,31,28,7,19,5,7,9,3,3,1,2,0,1,1,0,0,0,0,0,0,0,0,0
2017-18,Regular Season,Tony Brown,60,929,358,330,63,11,29,35,18,12,13,12,11,9,18,3,4,0,2,0,0,0,0,0,0,1,0,0,0,0,0
2017-18,Regular Season,Tre Maddox,56,758,322,247,57,22,18,31,7,15,6,10,4,6,9,1,0,2,1,0,0,0,0,0,0,0,0,0,0,0,0
2017-18,Regular Season,Tyler Ford,59,895,378,304,64,21,29,17,15,22,5,15,6,10,5,0,1,0,1,0,2,0,0,0,0,0,0,0,0,0,0
2017-18,Regular Season,Vladimir Voyard-Tadal,8,108,53,37,6,3,2,4,1,0,0,2,0,0,0,0,0,0,0,0,0,0,0,0,0,0,0,0,0,0,0
2017-18,Regular Season,Zach Zarba,60,846,370,276,59,29,25,12,11,15,8,9,3,7,8,2,0,6,3,0,2,0,0,0,0,0,0,1,0,0,0
2018-19,Playoffs,Ben Taylor,3,41,23,13,3,0,1,0,0,0,1,0,0,0,0,0,0,0,0,0,0,0,0,0,0,0,0,0,0,0,0
2018-19,Playoffs,Brent Barnaky,1,10,5,3,0,1,0,0,0,0,0,0,1,0,0,0,0,0,0,0,0,0,0,0,0,0,0,0,0,0,0
2018-19,Playoffs,Brian Forte,3,37,23,11,1,1,0,0,0,0,0,0,0,0,0,0,1,0,0,0,0,0,0,0,0,0,0,0,0,0,0
2018-19,Playoffs,Courtney Kirkland,5,70,33,18,7,7,2,0,0,1,0,0,0,1,0,0,0,1,0,0,0,0,0,0,0,0,0,0,0,0,0
2018-19,Playoffs,Curtis Blair,1,10,7,3,0,0,0,0,0,0,0,0,0,0,0,0,0,0,0,0,0,0,0,0,0,0,0,0,0,0,0
2018-19,Playoffs,David Guthrie,12,175,77,63,11,9,5,0,3,4,1,0,2,0,0,0,0,0,0,0,0,0,0,0,0,0,0,0,0,0,0
2018-19,Playoffs,Derrick Collins,3,42,23,15,0,1,1,0,1,1,0,0,0,0,0,0,0,0,0,0,0,0,0,0,0,0,0,0,0,0,0
2018-19,Playoffs,Ed Malloy,10,155,66,56,10,7,4,1,2,3,1,0,0,0,0,1,0,4,0,0,0,0,0,0,0,0,0,0,0,0,0
2018-19,Playoffs,Eric Lewis,11,182,60,66,22,8,7,1,10,2,3,0,0,2,0,0,1,0,0,0,0,0,0,0,0,0,0,0,0,0,0
2018-19,Playoffs,Gediminas Petraitis,1,18,9,4,2,0,0,0,0,1,0,0,0,0,0,2,0,0,0,0,0,0,0,0,0,0,0,0,0,0,0
2018-19,Playoffs,James Capers Jr.,14,206,83,81,18,5,5,2,3,2,1,0,0,2,0,0,0,3,1,0,0,0,0,0,0,0,0,0,0,0,0
2018-19,Playoffs,Jason Phillips,11,150,73,58,3,2,1,3,3,1,3,0,2,0,0,0,0,1,0,0,0,0,0,0,0,0,0,0,0,0,0
2018-19,Playoffs,John Goble,12,191,82,73,10,6,10,2,1,0,5,0,0,0,0,0,2,0,0,0,0,0,0,0,0,0,0,0,0,0,0
2018-19,Playoffs,Josh Tiven,8,114,60,32,12,5,1,0,1,3,0,0,0,0,0,0,0,0,0,0,0,0,0,0,0,0,0,0,0,0,0
2018-19,Playoffs,Kane Fitzgerald,9,135,59,46,5,3,7,1,2,4,2,0,2,2,0,0,1,1,0,0,0,0,0,0,0,0,0,0,0,0,0
2018-19,Playoffs,Karl Lane,2,27,12,10,4,1,0,0,0,0,0,0,0,0,0,0,0,0,0,0,0,0,0,0,0,0,0,0,0,0,0
2018-19,Playoffs,Ken Mauer,10,172,83,61,4,3,10,0,4,2,0,0,1,1,0,1,1,1,0,0,0,0,0,0,0,0,0,0,0,0,0
2018-19,Playoffs,Kevin Cutler,2,22,10,9,1,0,0,1,0,0,1,0,0,0,0,0,0,0,0,0,0,0,0,0,0,0,0,0,0,0,0
2018-19,Playoffs,Kevin Scott,7,86,35,36,4,5,2,0,2,0,0,0,1,0,0,0,0,1,0,0,0,0,0,0,0,0,0,0,0,0,0
2018-19,Playoffs,Marc Davis,14,190,89,62,13,9,6,0,3,5,1,0,0,0,0,1,0,0,0,0,0,0,0,0,0,0,0,0,1,0,0
2018-19,Playoffs,Mark Lindsay,3,40,14,14,3,3,0,0,0,3,0,0,2,0,0,0,0,1,0,0,0,0,0,0,0,0,0,0,0,0,0
2018-19,Playoffs,Michael Smith,3,48,22,15,2,3,2,1,2,0,0,0,1,0,0,0,0,0,0,0,0,0,0,0,0,0,0,0,0,0,0
2018-19,Playoffs,Mike Callahan,15,207,104,58,11,17,9,0,2,1,0,0,1,1,0,1,0,0,2,0,0,0,0,0,0,0,0,0,0,0,0
2018-19,Playoffs,Nick Buchert,3,61,24,26,6,0,2,1,0,1,0,0,0,1,0,0,0,0,0,0,0,0,0,0,0,0,0,0,0,0,0
2018-19,Playoffs,Pat Fraher,9,101,48,30,6,7,3,0,2,1,0,0,0,2,0,0,1,0,0,0,0,0,0,0,1,0,0,0,0,0,0
2018-19,Playoffs,Rodney Mott,7,95,41,37,6,2,3,1,2,2,1,0,0,0,0,0,0,0,0,0,0,0,0,0,0,0,0,0,0,0,0
2018-19,Playoffs,Scott Foster,11,199,80,56,17,8,8,5,4,7,5,0,1,1,0,2,0,1,0,2,0,1,0,1,0,0,0,0,0,0,0
2018-19,Playoffs,Scott Twardoski,1,20,6,11,0,1,0,0,0,2,0,0,0,0,0,0,0,0,0,0,0,0,0,0,0,0,0,0,0,0,0
2018-19,Playoffs,Scott Wall,2,44,23,14,3,2,2,0,0,0,0,0,0,0,0,0,0,0,0,0,0,0,0,0,0,0,0,0,0,0,0
2018-19,Playoffs,Sean Wright,9,134,60,52,12,6,0,0,1,1,1,0,0,1,0,0,0,0,0,0,0,0,0,0,0,0,0,0,0,0,0
2018-19,Playoffs,Tom Washington,7,93,42,36,3,4,2,1,3,0,0,0,1,1,0,0,0,0,0,0,0,0,0,0,0,0,0,0,0,0,0
2018-19,Playoffs,Tony Brothers,13,200,75,88,10,6,6,5,6,0,0,0,0,2,0,1,1,0,0,0,0,0,0,0,0,0,0,0,0,0,0
2018-19,Playoffs,Tony Brown,6,98,51,32,7,1,4,0,0,1,0,0,0,0,0,0,2,0,0,0,0,0,0,0,0,0,0,0,0,0,0
2018-19,Playoffs,Tre Maddox,2,20,13,3,0,0,1,0,2,0,0,0,0,1,0,0,0,0,0,0,0,0,0,0,0,0,0,0,0,0,0
2018-19,Playoffs,Tyler Ford,4,64,29,21,6,4,1,1,0,1,0,0,0,1,0,0,0,0,0,0,0,0,0,0,0,0,0,0,0,0,0
2018-19,Playoffs,Zach Zarba,12,186,79,68,15,5,2,0,3,7,2,0,0,1,0,2,1,1,0,0,0,0,0,0,0,0,0,0,0,0,0
2018-19,Regular Season,Aaron Smith,59,784,378,255,47,33,14,4,19,16,5,0,0,7,0,2,1,0,2,0,0,0,0,0,0,1,0,0,0,0,0
2018-19,Regular Season,Ashley Moyer-Gleich,31,336,180,97,22,10,8,4,4,7,2,0,0,1,0,1,0,0,0,0,0,0,0,0,0,0,0,0,0,0,0
2018-19,Regular Season,Ben Taylor,63,919,418,324,57,28,22,10,15,14,11,0,8,4,0,1,5,1,1,0,0,0,0,0,0,0,0,0,0,0,0
2018-19,Regular Season,Brandon Adair,44,503,266,167,19,17,11,3,9,5,1,0,1,1,0,1,0,0,1,0,0,1,0,0,0,0,0,0,0,0,0
2018-19,Regular Season,Brent Barnaky,61,808,393,271,36,28,27,8,16,8,3,0,3,6,0,0,4,0,2,2,0,0,0,0,0,1,0,0,0,0,0
2018-19,Regular Season,Brett Nansel,44,651,336,207,28,29,16,11,5,7,4,0,4,2,0,0,0,1,1,0,0,0,0,0,0,0,0,0,0,0,0
2018-19,Regular Season,Brian Forte,64,884,405,297,44,21,31,7,15,30,7,0,8,12,0,0,4,1,0,2,0,0,0,0,0,0,0,0,0,0,0
2018-19,Regular Season,C.J. Washington,41,615,278,207,43,17,15,3,14,13,6,0,11,4,0,1,1,0,0,0,0,2,0,0,0,0,0,0,0,0,0
2018-19,Regular Season,Courtney Kirkland,61,860,379,264,73,24,39,11,21,4,14,0,11,12,0,1,2,1,1,0,0,0,0,1,0,2,0,0,0,0,0
2018-19,Regular Season,Curtis Blair,62,826,426,269,39,20,19,6,11,7,6,0,3,10,0,1,5,0,0,4,0,0,0,0,0,0,0,0,0,0,0
2018-19,Regular Season,David Guthrie,61,888,372,312,41,27,24,7,25,30,11,0,8,17,0,1,7,0,2,2,0,1,0,0,0,1,0,0,0,0,0
2018-19,Regular Season,Dedric Taylor,64,871,416,279,52,33,19,6,24,13,9,0,9,6,0,0,3,0,0,0,0,1,0,0,0,1,0,0,0,0,0
2018-19,Regular Season,Derek Richardson,50,611,275,215,28,30,17,3,8,9,6,0,8,5,0,2,1,1,2,0,0,0,0,0,0,0,1,0,0,0,0
2018-19,Regular Season,Derrick Collins,60,747,367,252,31,33,22,5,9,5,4,0,9,6,0,1,1,1,0,0,0,1,0,0,0,0,0,0,0,0,0
2018-19,Regular Season,Ed Malloy,65,853,422,296,29,23,19,3,13,17,14,0,1,3,0,3,1,4,1,2,0,0,0,0,1,1,0,0,0,0,0
2018-19,Regular Season,Eric Dalen,60,825,448,229,37,31,21,4,13,9,11,0,5,8,0,3,5,1,0,0,0,0,0,0,0,0,0,0,0,0,0
2018-19,Regular Season,Eric Lewis,63,1015,393,404,74,27,36,4,13,31,5,0,15,5,0,2,2,1,0,0,0,0,0,0,0,2,0,0,1,0,0
2018-19,Regular Season,Evan Scott,10,108,58,30,7,2,2,1,0,6,1,0,1,0,0,0,0,0,0,0,0,0,0,0,0,0,0,0,0,0,0
2018-19,Regular Season,Gediminas Petraitis,64,861,395,308,46,18,28,8,17,16,4,0,7,9,0,1,1,0,2,0,0,0,0,0,0,0,1,0,0,0,0
2018-19,Regular Season,Haywoode Workman,47,689,347,207,46,19,12,7,18,9,8,0,10,4,0,0,0,0,1,0,0,1,0,0,0,0,0,0,0,0,0
2018-19,Regular Season,J.B. DeRosa,55,708,332,256,40,20,19,2,14,10,5,0,0,3,0,0,3,3,1,0,0,0,0,0,0,0,0,0,0,0,0
2018-19,Regular Season,J.T. Orr,61,853,417,250,60,23,28,8,15,18,9,0,8,9,0,0,6,0,0,0,0,1,0,0,0,1,0,0,0,0,0
2018-19,Regular Season,Jacyn Goble,49,786,359,288,27,20,20,10,13,27,7,0,1,5,0,2,5,1,0,0,0,1,0,0,0,0,0,0,0,0,0
2018-19,Regular Season,James Capers Jr.,60,904,382,328,62,33,24,5,18,23,9,0,3,10,0,2,0,3,0,0,0,0,0,1,1,0,0,0,0,0,0
2018-19,Regular Season,James Williams,63,909,390,295,63,28,24,11,20,26,11,0,22,12,0,1,1,3,2,0,0,0,0,0,0,0,0,0,0,0,0
2018-19,Regular Season,Jason Goldenberg,49,710,306,269,50,16,20,13,9,6,8,0,8,3,0,1,0,0,1,0,0,0,0,0,0,0,0,0,0,0,0
2018-19,Regular Season,Jason Phillips,63,886,395,327,34,20,21,7,20,20,11,0,6,13,0,3,4,3,0,0,0,0,0,0,0,1,1,0,0,0,0
2018-19,Regular Season,John Butler,9,76,40,24,4,0,3,0,1,0,1,0,0,0,0,0,1,0,0,2,0,0,0,0,0,0,0,0,0,0,0
2018-19,Regular Season,John Goble,63,928,350,389,45,20,24,14,20,20,14,0,6,16,0,1,4,2,1,0,0,1,0,0,0,1,0,0,0,0,0
2018-19,Regular Season,Jonathan Sterling,46,618,239,236,34,25,16,7,11,15,10,0,8,8,0,1,5,1,0,0,0,1,0,0,0,1,0,0,0,0,0
2018-19,Regular Season,Josh Tiven,64,922,451,294,55,25,14,8,17,30,7,0,9,4,0,2,1,2,2,0,0,0,0,0,0,0,1,0,0,0,0
2018-19,Regular Season,Justin Van Duyne,49,673,288,242,46,18,16,7,18,9,1,0,12,7,0,2,1,3,0,2,0,0,0,0,0,1,0,0,0,0,0
2018-19,Regular Season,Kane Fitzgerald,64,988,413,332,80,20,30,8,15,33,20,0,7,14,0,3,3,3,1,2,0,2,0,0,1,0,1,0,0,0,0
2018-19,Regular Season,Karl Lane,64,999,406,394,59,34,34,13,11,13,9,0,9,8,0,0,7,0,2,0,0,0,0,0,0,0,0,0,0,0,0
2018-19,Regular Season,Ken Mauer,59,860,426,284,37,30,21,8,14,8,7,0,7,11,0,2,1,1,1,0,0,1,0,0,0,1,0,0,0,0,0
2018-19,Regular Season,Kevin Cutler,56,677,299,246,30,36,22,0,8,11,5,0,4,7,0,1,4,1,0,2,0,1,0,0,0,0,0,0,0,0,0
2018-19,Regular Season,Kevin Scott,60,869,392,294,59,28,24,5,21,13,11,0,2,6,0,4,5,1,2,0,0,1,0,0,1,0,0,0,0,0,0
2018-19,Regular Season,Leon Wood,53,769,342,263,64,20,22,11,16,0,6,0,10,7,0,2,5,1,0,0,0,0,0,0,0,0,0,0,0,0,0
2018-19,Regular Season,Leroy Richardson,52,701,341,235,36,21,12,1,22,8,6,0,6,9,0,1,2,0,1,0,0,0,0,0,0,0,0,0,0,0,0
2018-19,Regular Season,Marat Kogut,64,893,382,343,39,27,32,8,14,24,8,0,3,4,0,0,3,2,2,0,0,0,1,0,1,0,0,0,0,0,0
2018-19,Regular Season,Marc Davis,63,891,434,302,32,24,11,3,20,15,16,0,9,11,0,2,9,0,1,0,0,1,0,1,0,0,0,0,0,0,0
2018-19,Regular Season,Mark Ayotte,64,933,388,372,55,23,25,3,21,12,7,0,12,7,0,2,1,1,3,0,0,0,0,0,0,0,0,0,1,0,0
2018-19,Regular Season,Mark Lindsay,63,848,363,323,26,35,20,5,17,5,6,0,34,6,0,4,2,2,0,0,0,0,0,0,0,0,0,0,0,0,0
2018-19,Regular Season,Matt Boland,59,892,400,278,79,21,35,3,21,15,14,0,9,7,0,3,2,1,2,0,0,2,0,0,0,0,0,0,0,0,0
2018-19,Regular Season,Matt Myers,33,446,198,181,25,7,12,3,5,3,6,0,0,3,0,2,1,0,0,0,0,0,0,0,0,0,0,0,0,0,0
2018-19,Regular Season,Michael Smith,56,911,419,331,46,22,24,17,10,4,10,0,15,3,0,0,3,2,1,0,0,1,0,1,0,2,0,0,0,0,0
2018-19,Regular Season,Mike Callahan,59,801,410,246,44,25,14,5,17,10,11,0,4,4,0,3,0,3,1,0,0,0,1,2,0,0,1,0,0,0,0
2018-19,Regular Season,Mitchell Ervin,58,872,376,324,54,30,20,5,16,8,9,0,6,8,0,4,8,0,2,0,0,0,0,0,1,1,0,0,0,0,0
2018-19,Regular Season,Mousa Dagher,33,440,216,152,19,21,11,4,5,2,5,0,0,2,0,1,1,0,1,0,0,0,0,0,0,0,0,0,0,0,0
2018-19,Regular Season,Natalie Sago,31,370,194,94,21,19,10,4,9,13,2,0,0,3,0,0,0,0,1,0,0,0,0,0,0,0,0,0,0,0,0
2018-19,Regular Season,Nate Green,9,93,41,33,7,4,1,3,1,2,0,0,0,1,0,0,0,0,0,0,0,0,0,0,0,0,0,0,0,0,0
2018-19,Regular Season,Nick Buchert,64,910,405,328,73,19,15,8,12,19,4,0,10,9,0,1,0,0,2,4,0,0,0,0,0,0,1,0,0,0,0
2018-19,Regular Season,Pat Fraher,65,888,442,289,47,26,23,12,14,9,2,0,10,8,0,1,4,0,0,0,0,0,0,0,0,1,0,0,0,0,0
2018-19,Regular Season,Phenizee Ransom,32,376,154,153,26,17,7,2,7,2,3,0,1,1,0,1,1,1,0,0,0,0,0,0,0,0,0,0,0,0,0
2018-19,Regular Season,Ray Acosta,58,835,440,261,40,19,22,7,15,20,3,0,1,0,0,2,2,0,2,0,0,0,0,0,0,0,1,0,0,0,0
2018-19,Regular Season,Rodney Mott,64,947,355,365,76,28,29,13,22,17,11,0,16,4,0,3,2,0,3,0,0,0,0,0,1,2,0,0,0,0,0
2018-19,Regular Season,Ron Garretson,60,729,336,237,46,35,19,0,11,13,11,0,15,2,0,1,1,2,0,0,0,0,0,0,0,0,0,0,0,0,0
2018-19,Regular Season,Scott Foster,64,981,435,324,56,29,29,23,20,23,16,0,3,8,0,4,2,3,3,0,0,1,0,0,0,1,0,0,0,0,1
2018-19,Regular Season,Scott Twardoski,64,849,419,286,49,28,12,6,17,13,6,0,8,4,0,0,1,0,0,0,0,0,0,0,0,0,0,0,0,0,0
2018-19,Regular Season,Scott Wall,56,814,400,259,47,19,28,12,24,6,11,0,2,4,0,0,1,0,1,0,0,0,0,0,0,0,0,0,0,0,0
2018-19,Regular Season,Sean Corbin,21,325,141,124,14,10,8,10,3,5,4,0,3,1,0,0,1,0,0,0,0,0,0,0,0,1,0,0,0,0,0
2018-19,Regular Season,Sean Wright,64,1101,527,385,53,23,29,10,20,17,7,0,3,10,0,4,4,5,1,0,0,2,0,0,1,0,0,0,0,0,0
2018-19,Regular Season,Tom Washington,60,807,389,278,32,29,21,11,10,6,14,0,7,6,0,1,2,0,1,0,0,0,0,0,0,0,0,0,0,0,0
2018-19,Regular Season,Tony Brothers,63,1095,462,405,54,28,32,6,29,24,17,0,11,13,0,4,1,4,2,0,0,0,0,0,1,1,1,0,0,0,0
2018-19,Regular Season,Tony Brown,62,974,447,341,63,25,17,10,23,11,8,0,12,9,0,2,5,1,0,0,0,0,0,0,0,0,0,0,0,0,0
2018-19,Regular Season,Tre Maddox,60,796,382,245,60,35,20,8,13,12,10,0,0,3,0,4,4,0,0,0,0,0,0,0,0,0,0,0,0,0,0
2018-19,Regular Season,Tyler Ford,64,1008,465,350,66,20,22,8,9,32,7,0,11,10,0,0,3,3,0,0,0,0,0,1,0,0,1,0,0,0,0
2018-19,Regular Season,Zach Zarba,63,903,381,322,65,34,22,11,20,20,11,0,6,5,0,1,3,1,0,0,0,1,0,0,0,0,0,0,0,0,0
2019-20,Regular Season,Aaron Smith,47,567,267,179,32,24,18,5,11,12,7,0,3,5,0,1,2,1,0,0,0,0,0,0,0,0,0,0,0,0,0
2019-20,Regular Season,Andy Nagy,13,137,64,45,7,6,3,2,2,2,3,0,0,1,0,1,1,0,0,0,0,0,0,0,0,0,0,0,0,0,0
2019-20,Regular Season,Ashley Moyer-Gleich,30,352,183,110,15,13,11,3,6,4,1,0,1,3,0,2,0,0,0,0,0,0,0,0,0,0,0,0,0,0,0
2019-20,Regular Season,Ben Taylor,56,849,339,320,79,29,16,6,16,19,4,0,7,5,0,3,4,0,2,0,0,0,0,0,0,0,0,0,0,0,0
2019-20,Regular Season,Bennie Adams,2,26,7,9,5,1,2,0,0,0,1,0,1,0,0,0,0,0,0,0,0,0,0,0,0,0,0,0,0,0,0
2019-20,Regular Season,Bill Kennedy,32,415,199,132,26,13,9,2,6,8,5,0,9,1,0,1,3,0,0,0,0,0,0,1,0,0,0,0,0,0,0
2019-20,Regular Season,Bill Spooner,3,28,14,6,2,1,2,0,0,2,0,0,1,0,0,0,0,0,0,0,0,0,0,0,0,0,0,0,0,0,0
2019-20,Regular Season,Brandon Adair,36,364,174,130,16,19,9,1,4,2,4,0,0,2,0,1,0,0,2,0,0,0,0,0,0,0,0,0,0,0,0
2019-20,Regular Season,Brent Barnaky,54,663,354,199,29,25,25,2,9,3,6,0,2,6,0,2,1,0,0,0,0,0,0,0,0,0,0,0,0,0,0
2019-20,Regular Season,Brett Nansel,30,443,232,139,18,16,12,6,3,2,5,0,1,4,0,3,1,1,0,0,0,0,0,0,0,0,0,0,0,0,0
2019-20,Regular Season,Brian Forte,56,733,363,229,32,17,25,12,10,21,2,0,4,10,0,3,1,2,0,0,0,1,0,0,1,0,0,0,0,0,0
2019-20,Regular Season,C.J. Washington,36,560,284,159,39,24,12,7,7,12,3,0,4,7,0,0,0,0,1,0,0,1,0,0,0,0,0,0,0,0,0
2019-20,Regular Season,Courtney Kirkland,52,776,358,247,65,24,24,11,18,7,6,0,6,4,0,0,2,1,0,1,0,1,0,1,0,0,0,0,0,0,0
2019-20,Regular Season,Curtis Blair,53,697,339,235,40,19,28,6,7,9,4,0,1,8,0,1,0,0,0,0,0,0,0,0,0,0,0,0,0,0,0
2019-20,Regular Season,David Guthrie,53,826,356,288,30,31,21,5,16,28,15,0,10,16,0,6,2,1,0,0,0,0,1,0,0,0,0,0,0,0,0
2019-20,Regular Season,Dedric Taylor,55,772,380,242,42,38,21,3,12,16,5,0,1,8,0,0,1,0,2,0,0,0,0,1,0,0,0,0,0,0,0
2019-20,Regular Season,Derek Richardson,39,508,218,198,28,14,16,3,2,4,4,0,11,7,0,2,1,0,0,0,0,0,0,0,0,0,0,0,0,0,0
2019-20,Regular Season,Derrick Collins,56,712,335,236,41,30,15,4,18,10,5,0,9,4,0,1,1,0,1,2,0,0,0,0,0,0,0,0,0,0,0
2019-20,Regular Season,Ed Malloy,53,702,346,226,23,28,24,1,18,13,10,0,2,4,0,1,3,2,0,0,0,0,0,0,0,0,1,0,0,0,0
2019-20,Regular Season,Eric Dalen,44,564,331,147,16,15,14,2,10,4,8,0,3,7,0,3,1,1,1,0,0,1,0,0,0,0,0,0,0,0,0
2019-20,Regular Season,Eric Lewis,54,807,341,309,46,24,19,4,14,22,12,0,2,4,0,2,2,3,0,2,0,0,0,0,0,1,0,0,0,0,0
2019-20,Regular Season,Evan Scott,29,349,176,92,25,10,11,4,9,14,1,0,1,3,0,1,1,0,0,0,0,0,0,0,1,0,0,0,0,0,0
2019-20,Regular Season,Gediminas Petraitis,56,725,325,234,44,31,19,5,17,22,11,0,3,8,0,1,1,0,0,0,0,2,0,2,0,0,0,0,0,0,0
2019-20,Regular Season,Haywoode Workman,14,182,86,58,11,7,5,1,2,3,1,0,3,4,0,0,1,0,0,0,0,0,0,0,0,0,0,0,0,0,0
2019-20,Regular Season,J.B. DeRosa,49,569,250,199,26,31,17,2,19,9,4,0,1,9,0,0,1,0,0,0,0,1,0,0,0,0,0,0,0,0,0
2019-20,Regular Season,J.T. Orr,53,726,310,228,57,25,30,8,19,13,10,0,12,5,0,3,2,2,1,0,0,0,0,1,0,0,0,0,0,0,0
2019-20,Regular Season,Jacyn Goble,48,666,317,219,35,23,26,4,10,17,4,0,0,4,0,3,1,1,1,0,0,1,0,0,0,0,0,0,0,0,0
2019-20,Regular Season,James Capers Jr.,51,719,333,245,49,23,22,4,13,10,4,0,4,9,0,2,0,0,1,0,0,0,0,0,0,0,0,0,0,0,0
2019-20,Regular Season,James Williams,57,822,370,251,58,25,23,6,17,27,13,0,12,10,0,3,3,2,0,0,0,1,0,1,0,0,0,0,0,0,0
2019-20,Regular Season,Jason Goldenberg,35,448,220,132,25,20,18,1,3,10,6,0,7,2,0,1,1,2,0,0,0,0,0,0,0,0,0,0,0,0,0
2019-20,Regular Season,Jenna Schroeder,27,353,203,80,12,12,12,2,12,10,1,0,0,3,0,2,2,0,0,2,0,0,0,0,0,0,0,0,0,0,0
2019-20,Regular Season,John Butler,30,331,161,99,17,21,10,0,10,4,2,0,2,0,0,1,4,0,0,0,0,0,0,0,0,0,0,0,0,0,0
2019-20,Regular Season,John Conley,8,88,39,30,7,1,1,0,3,2,3,0,0,2,0,0,0,0,0,0,0,0,0,0,0,0,0,0,0,0,0
2019-20,Regular Season,John Goble,55,809,344,317,49,23,16,5,13,11,7,0,6,10,0,1,3,1,2,0,0,1,0,0,0,0,0,0,0,0,0
2019-20,Regular Season,Jonathan Sterling,40,486,220,161,26,12,17,10,10,7,5,0,7,6,0,1,2,1,0,0,0,0,0,1,0,0,0,0,0,0,0
2019-20,Regular Season,Josh Tiven,56,799,403,223,38,23,22,6,19,30,13,0,5,7,0,1,2,1,2,2,0,1,0,0,1,0,0,0,0,0,0
2019-20,Regular Season,Justin Van Duyne,42,583,265,181,46,27,19,6,13,8,4,0,7,2,0,1,0,0,1,2,0,0,0,0,1,0,0,0,0,0,0
2019-20,Regular Season,Kane Fitzgerald,55,886,387,288,73,20,24,4,14,21,13,0,9,17,0,3,6,3,2,0,0,2,0,0,0,0,0,0,0,0,0
2019-20,Regular Season,Karl Lane,56,720,307,266,34,34,23,6,10,8,7,0,12,8,0,1,3,1,0,0,0,0,0,0,0,0,0,0,0,0,0
2019-20,Regular Season,Ken Mauer,46,677,324,202,39,29,20,3,10,16,9,0,2,6,0,5,4,4,2,0,0,0,0,2,0,0,0,0,0,0,0
2019-20,Regular Season,Kevin Cutler,56,665,325,210,37,29,18,2,15,7,8,0,3,5,0,2,1,0,1,2,0,0,0,0,0,0,0,0,0,0,0
2019-20,Regular Season,Kevin Scott,54,806,344,298,49,35,22,3,10,14,9,0,2,6,0,4,3,2,3,1,0,1,0,0,0,0,0,0,0,0,0
2019-20,Regular Season,Lauren Holtkamp-Sterling,20,263,147,83,6,5,8,2,5,3,2,0,2,0,0,0,0,0,0,0,0,0,0,0,0,0,0,0,0,0,0
2019-20,Regular Season,Leon Wood,45,641,308,200,42,25,17,7,9,6,9,0,9,3,0,3,1,0,0,2,0,0,0,0,0,0,0,0,0,0,0
2019-20,Regular Season,Leroy Richardson,34,474,224,168,24,14,14,3,5,2,8,0,5,1,0,2,1,0,0,0,0,2,0,1,0,0,0,0,0,0,0
2019-20,Regular Season,Marat Kogut,53,783,361,270,38,36,22,7,14,10,8,0,6,3,0,1,5,1,1,0,0,0,0,0,0,0,0,0,0,0,0
2019-20,Regular Season,Marc Davis,51,752,360,227,30,23,24,5,22,21,11,0,4,9,0,3,4,0,3,0,0,4,0,0,0,1,1,0,0,0,0
2019-20,Regular Season,Mark Ayotte,52,774,392,244,33,26,24,1,17,9,7,0,4,7,0,5,1,1,1,0,0,1,0,0,1,0,0,0,0,0,0
2019-20,Regular Season,Mark Lindsay,52,855,384,302,40,20,26,3,21,15,9,0,21,10,0,0,1,3,0,0,0,0,0,0,0,0,0,0,0,0,0
2019-20,Regular Season,Matt Boland,43,560,264,175,47,18,16,2,12,7,4,0,5,3,0,1,3,1,1,0,0,0,0,0,0,1,0,0,0,0,0
2019-20,Regular Season,Matt Myers,29,361,166,128,21,15,11,2,7,1,3,0,1,4,0,1,0,0,1,0,0,0,0,0,0,0,0,0,0,0,0
2019-20,Regular Season,Michael Smith,50,885,387,312,43,27,28,5,11,12,8,0,24,14,0,4,3,2,0,2,0,1,0,1,0,1,0,0,0,0,0
2019-20,Regular Season,Mitchell Ervin,54,814,400,257,66,20,13,4,22,10,8,0,2,5,0,5,0,1,0,0,0,0,0,0,1,0,0,0,0,0,0
2019-20,Regular Season,Mousa Dagher,32,467,187,172,29,25,21,0,6,10,8,0,4,2,0,3,0,0,0,0,0,0,0,0,0,0,0,0,0,0,0
2019-20,Regular Season,Natalie Sago,32,388,216,104,17,15,13,2,3,11,3,0,0,2,0,1,1,0,0,0,0,0,0,0,0,0,0,0,0,0,0
2019-20,Regular Season,Nate Green,27,342,174,101,15,14,8,6,5,10,2,0,1,2,0,1,0,3,0,0,0,0,0,0,0,0,0,0,0,0,0
2019-20,Regular Season,Nick Buchert,55,853,354,308,55,25,24,14,19,14,7,0,11,9,0,4,6,1,0,0,0,2,0,0,0,0,0,0,0,0,0
2019-20,Regular Season,Pat Fraher,53,750,403,203,27,18,16,10,14,25,5,0,5,12,0,4,4,3,0,0,0,1,0,0,0,0,0,0,0,0,0
2019-20,Regular Season,Phenizee Ransom,29,329,163,115,9,13,11,5,6,2,1,0,0,2,0,0,0,0,0,0,0,1,0,0,0,0,1,0,0,0,0
2019-20,Regular Season,Ray Acosta,49,718,364,230,45,16,18,5,12,14,4,0,2,3,0,3,2,0,0,0,0,0,0,0,0,0,0,0,0,0,0
2019-20,Regular Season,Rodney Mott,48,681,278,223,66,25,27,11,13,4,9,0,7,7,0,2,4,3,1,0,0,1,0,0,0,0,0,0,0,0,0
2019-20,Regular Season,Scott Foster,53,845,388,249,57,38,30,9,17,13,17,0,7,11,0,1,1,0,1,0,0,2,1,1,0,0,1,0,1,0,0
2019-20,Regular Season,Scott Twardoski,53,726,333,250,44,32,18,2,16,13,8,0,1,5,0,0,2,0,0,0,0,1,0,1,0,0,0,0,0,0,0
2019-20,Regular Season,Scott Wall,42,637,314,206,37,16,16,5,17,12,8,0,0,1,0,4,0,1,0,0,0,0,0,0,0,0,0,0,0,0,0
2019-20,Regular Season,Sean Corbin,53,814,398,275,20,32,16,15,7,6,18,0,5,11,0,4,6,0,0,0,0,0,0,1,0,0,0,0,0,0,0
2019-20,Regular Season,Sean Wright,51,811,369,272,47,29,26,9,14,9,14,0,7,4,0,3,4,2,1,0,0,1,0,0,0,0,0,0,0,0,0
2019-20,Regular Season,Simone Jelks,16,177,83,71,8,3,1,1,6,0,2,0,1,1,0,0,0,0,0,0,0,0,0,0,0,0,0,0,0,0,0
2019-20,Regular Season,Suyash Mehta,13,119,49,45,5,6,5,0,1,1,3,0,0,0,0,3,0,1,0,0,0,0,0,0,0,0,0,0,0,0,0
2019-20,Regular Season,Tom Washington,47,592,284,217,18,17,12,6,10,7,3,0,4,5,0,4,1,1,2,0,0,1,0,0,0,0,0,0,0,0,0
2019-20,Regular Season,Tony Brothers,54,744,357,210,47,27,28,6,11,15,7,0,15,13,0,6,1,0,0,0,0,0,0,0,0,1,0,0,0,0,0
2019-20,Regular Season,Tony Brown,54,858,350,333,48,25,22,3,18,15,10,0,9,13,0,2,3,4,0,1,0,1,0,0,0,0,1,0,0,0,0
2019-20,Regular Season,Tre Maddox,54,765,346,258,45,20,27,7,21,18,3,0,4,10,0,2,2,1,0,1,0,0,0,0,0,0,0,0,0,0,0
2019-20,Regular Season,Tyler Ford,55,858,390,311,48,25,23,3,11,19,9,0,9,5,0,2,2,0,0,0,0,0,0,1,0,0,0,0,0,0,0
2019-20,Regular Season,Zach Zarba,52,772,359,237,56,38,24,7,13,14,6,0,4,3,0,1,3,4,3,0,0,0,0,0,0,0,0,0,0,0,0
2019-20,Playoffs,Ben Taylor,4,70,31,23,4,4,1,0,1,3,1,0,0,0,0,0,0,0,0,2,0,0,0,0,0,0,0,0,0,0,0
2019-20,Playoffs,Bill Kennedy,9,124,60,39,11,0,5,3,2,2,0,0,1,0,0,1,0,0,0,0,0,0,0,0,0,0,0,0,0,0,0
2019-20,Playoffs,Brian Forte,2,25,14,6,1,0,1,1,0,1,0,0,0,0,0,0,1,0,0,0,0,0,0,0,0,0,0,0,0,0,0
2019-20,Playoffs,Courtney Kirkland,7,108,42,36,16,5,0,2,4,1,1,0,0,0,0,0,1,0,0,0,0,0,0,0,0,0,0,0,0,0,0
2019-20,Playoffs,Curtis Blair,5,64,35,22,3,2,1,0,0,1,0,0,0,0,0,0,0,0,0,0,0,0,0,0,0,0,0,0,0,0,0
2019-20,Playoffs,David Guthrie,12,183,81,60,8,10,10,1,4,3,1,0,1,2,0,1,1,0,0,0,0,0,0,0,0,0,0,0,0,0,0
2019-20,Playoffs,Dedric Taylor,2,26,10,13,2,0,0,0,0,1,0,0,0,0,0,0,0,0,0,0,0,0,0,0,0,0,0,0,0,0,0
2019-20,Playoffs,Derrick Collins,3,41,23,12,2,1,1,0,0,0,1,0,0,0,0,1,0,0,0,0,0,0,0,0,0,0,0,0,0,0,0
2019-20,Playoffs,Ed Malloy,5,77,38,27,4,2,3,0,2,0,1,0,0,0,0,0,0,0,0,0,0,0,0,0,0,0,0,0,0,0,0
2019-20,Playoffs,Eric Lewis,13,196,72,72,8,14,9,0,5,6,2,0,1,1,0,2,3,1,0,0,0,0,0,0,0,0,0,0,0,0,0
2019-20,Playoffs,Gediminas Petraitis,2,22,9,9,0,1,1,0,1,0,0,0,0,1,0,0,0,0,0,0,0,0,0,0,0,0,0,0,0,0,0
2019-20,Playoffs,James Capers Jr.,15,209,79,74,21,6,12,0,8,4,1,0,0,2,0,0,0,1,0,0,0,0,0,0,1,0,0,0,0,0,0
2019-20,Playoffs,James Williams,6,93,47,26,4,2,2,2,3,3,1,0,0,0,0,1,0,1,1,0,0,0,0,0,0,0,0,0,0,0,0
2019-20,Playoffs,John Goble,12,191,71,79,12,5,5,3,5,6,0,0,1,0,0,0,1,1,0,2,0,0,0,0,0,0,0,0,0,0,0
2019-20,Playoffs,Josh Tiven,12,155,88,34,13,1,7,1,4,2,1,0,1,2,0,0,1,0,0,0,0,0,0,0,0,0,0,0,0,0,0
2019-20,Playoffs,Kane Fitzgerald,14,214,87,74,14,10,8,2,4,6,4,0,2,0,0,1,0,2,0,0,0,0,0,0,0,0,0,0,0,0,0
2019-20,Playoffs,Kevin Cutler,2,33,17,10,2,1,0,0,1,1,0,0,0,1,0,0,0,0,0,0,0,0,0,0,0,0,0,0,0,0,0
2019-20,Playoffs,Kevin Scott,10,130,59,42,7,4,6,1,2,2,3,0,0,0,0,2,1,0,0,0,0,0,0,1,0,0,0,0,0,0,0
2019-20,Playoffs,Leon Wood,2,32,13,12,3,0,1,2,0,0,0,0,1,0,0,0,0,0,0,0,0,0,0,0,0,0,0,0,0,0,0
2019-20,Playoffs,Marc Davis,15,210,104,63,11,4,10,0,3,3,4,0,0,3,0,1,0,2,0,2,0,0,0,0,0,0,0,0,0,0,0
2019-20,Playoffs,Mark Ayotte,2,30,13,13,1,1,1,0,1,0,0,0,0,0,0,0,0,0,0,0,0,0,0,0,0,0,0,0,0,0,0
2019-20,Playoffs,Michael Smith,2,22,11,7,2,1,0,0,0,0,0,0,1,0,0,0,0,0,0,0,0,0,0,0,0,0,0,0,0,0,0
2019-20,Playoffs,Pat Fraher,10,118,72,26,4,3,4,0,4,2,0,0,0,2,0,1,0,0,0,0,0,0,0,0,0,0,0,0,0,0,0
2019-20,Playoffs,Rodney Mott,7,112,47,40,11,2,4,0,1,1,1,0,0,2,0,3,0,0,0,0,0,0,0,0,0,0,0,0,0,0,0
2019-20,Playoffs,Scott Foster,14,221,111,60,15,11,7,5,2,1,3,0,0,3,0,0,1,0,0,0,0,1,0,0,1,0,0,0,0,0,0
2019-20,Playoffs,Sean Corbin,6,79,37,28,2,6,0,2,0,1,1,0,0,0,0,1,0,0,1,0,0,0,0,0,0,0,0,0,0,0,0
2019-20,Playoffs,Sean Wright,8,137,65,47,8,2,4,1,3,2,1,0,1,0,0,1,1,0,1,0,0,0,0,0,0,0,0,0,0,0,0
2019-20,Playoffs,Tony Brothers,13,171,72,54,10,7,11,1,4,1,2,0,1,5,0,2,1,0,0,0,0,0,0,0,0,0,0,0,0,0,0
2019-20,Playoffs,Tony Brown,10,159,75,51,10,4,4,1,8,0,1,0,1,3,0,0,0,1,0,0,0,0,0,0,0,0,0,0,0,0,0
2019-20,Playoffs,Tre Maddox,8,109,57,26,8,2,4,3,2,3,0,0,0,2,0,0,0,0,0,2,0,0,0,0,0,0,0,0,0,0,0
2019-20,Playoffs,Tyler Ford,5,74,38,23,6,4,2,1,0,0,0,0,0,0,0,0,0,0,0,0,0,0,0,0,0,0,0,0,0,0,0
2019-20,Playoffs,Zach Zarba,12,174,81,57,15,5,9,0,5,1,1,0,0,0,0,0,0,0,0,0,0,0,0,0,0,0,0,0,0,0,0
